{
    "title": "@buzhba — ссылки",
    "items": [
        {
            "id": 10,
            "label": "links 45",
            "url": "https://buzhba.com/bot2/",
            "pin": false
        },
        {
            "id": 9,
            "label": "/list",
            "url": "https://buzhba.com",
            "pin": false
        },
        {
            "id": 7,
            "label": "EP «Цех live x mmmesss»",
            "url": "https://band.link/livebuzhba",
            "pin": true
        },
        {
            "id": 8,
            "label": "Альбом «Когда ты ну очень крутой»",
            "url": "https://band.link/ppDGl",
            "pin": false
        },
        {
            "id": 6,
            "label": "Cингл «Plantasia» (feat. Tremakasi)",
            "url": "https://upupupmusic.com/releases/plantasia/",
            "pin": false
        },
        {
            "id": 5,
            "label": "Альбом «Бобубип»",
            "url": "https://band.link/bobubip",
            "pin": false
        },
        {
            "id": 4,
            "label": "Cингл «Не позвонишь мне»",
            "url": "https://band.link/bnpm",
            "pin": false
        },
        {
            "id": 3,
            "label": "Cингл «Never Seen it Coming» (feat. Conor Heafey)",
            "url": "https://band.link/RrN9y",
            "pin": false
        },
        {
            "id": 1,
            "label": "Альбом «Веселые риффы»",
            "url": "https://band.link/dyOE2",
            "pin": false
        },
        {
            "id": 2,
            "label": "Cингл «Новогодняя» (feat. Skookiny Deti)",
            "url": "https://band.link/KM8nB",
            "pin": false
        }
    ],
    "states": {
        "145661035": {
            "mode": "add_url",
            "tmp": {
                "pin": false,
                "label": "ccskrf 222"
            }
        }
    }
}