{
    "title": "@buzhba — ссылки",
    "items": [
        {
            "id": 3,
            "label": "ссылка 1",
            "url": "https:\/\/bandlink.com",
            "pin": false
        },
        {
            "id": 1,
            "label": "Слушать альбом «Весёлые риффы»",
            "url": "https:\/\/band.link\/ppDGl",
            "pin": false
        },
        {
            "id": 2,
            "label": "Яндекс Музыка",
            "url": "https:\/\/music.yandex.ru\/artist\/XXXX",
            "pin": false
        }
    ]
}