{
    "title": "@buzhba — ссылки",
    "items": [
        {
            "id": 1,
            "label": "Слушать альбом «Весёлые риффы»",
            "url": "https:\/\/band.link\/ppDGl",
            "pin": false
        },
        {
            "id": 2,
            "label": "Яндекс Музыка",
            "url": "https:\/\/music.yandex.ru\/artist\/XXXX",
            "pin": false
        }
    ],
    "states": {
        "145661035": {
            "mode": "add",
            "step": "await_url",
            "pin": false,
            "tmp": {
                "label": "\/add"
            }
        }
    }
}