{
    "title": "@buzhba — ссылки",
    "items": [
        {
            "id": 4,
            "label": "Cингл «Не позвонишь мне»",
            "url": "https:\/\/band.link\/bnpm",
            "pin": false
        },
        {
            "id": 3,
            "label": "Cингл «Never Seen it Coming» (feat. Conor Heafey)",
            "url": "https:\/\/band.link\/RrN9y",
            "pin": false
        },
        {
            "id": 2,
            "label": "Cингл «Новогодняя» (feat. Skookiny Deti)",
            "url": "https:\/\/band.link\/KM8nB",
            "pin": false
        },
        {
            "id": 1,
            "label": "Альбом «Веселые риффы»",
            "url": "https:\/\/band.link\/dyOE2",
            "pin": false
        }
    ]
}